<?xml version="1.0" encoding="UTF-8" standalone="yes"?>
<metadataSupplement>
    <tables>
        <table dataLocale="ro_RO" dataSources="ds7" resourceIdentifier="'cas-shared-default','VISUAL','MEGACORP2020','ro_RO'" tableModifiedTimeStamp="2025-02-15T15:09:08.488Z">
            <columns>
                <column dataType="date" format="DATE9" label="Date" xref="Date"/>
                <column dataType="date" format="YEAR4" label="Date by Year" xref="DateByYear"/>
                <column dataType="date" format="MONYY7" label="Date by Month" xref="DateByMonth"/>
                <column dataType="double" format="F1." label="Day of Week" xref="DayOfWeek"/>
                <column dataType="string" label="Facility" xref="Facility"/>
                <column dataType="double" format="F2." label="Facility Age" xref="FacilityAge"/>
                <column dataType="string" label="Facility Region" xref="FacilityRegion"/>
                <column dataType="string" label="Facility State" xref="FacilityState"/>
                <column dataType="string" label="Facility City" xref="FacilityCity"/>
                <column dataType="string" label="Unit" xref="Unit"/>
                <column dataType="double" format="F3." label="Unit Downtime" xref="UnitDowntime"/>
                <column dataType="double" format="F2." label="Unit Age" xref="UnitAge"/>
                <column dataType="double" format="PERCENT6.2" label="Unit Reliability" xref="UnitReliability"/>
                <column dataType="string" label="Unit Status" xref="UnitStatus"/>
                <column dataType="double" format="F4." label="Unit Capacity" xref="UnitCapacity"/>
                <column dataType="double" format="F4." label="Unit Yield (target)" xref="UnitYieldTarget"/>
                <column dataType="double" format="F4." label="Unit Yield (actual)" xref="UnitYieldActual"/>
                <column dataType="double" format="PERCENT6.2" label="Unit Yield (rate)" xref="UnitYieldRate"/>
                <column dataType="string" label="Product Brand" xref="ProductBrand"/>
                <column dataType="string" label="Product Line" xref="ProductLine"/>
                <column dataType="double" format="F6." label="Product ID" xref="ProductID"/>
                <column dataType="string" label="Product" xref="Product"/>
                <column dataType="string" label="Product Description" xref="ProductDescription"/>
                <column dataType="double" format="DOLLAR15.2" label="Profit" xref="Profit"/>
                <column dataType="double" format="DOLLAR15.2" label="Revenue" xref="Revenue"/>
                <column dataType="double" format="DOLLAR15.2" label="Expenses" xref="Expenses"/>
                <column dataType="double" format="BEST12." label="Region Longitude" xref="RegionLongitude"/>
                <column dataType="double" format="BEST12." label="Region Latitude" xref="RegionLatitude"/>
                <column dataType="double" format="BEST12." label="State Longitude" xref="StateLongitude"/>
                <column dataType="double" format="BEST12." label="State Latitude" xref="StateLatitude"/>
                <column dataType="double" format="BEST12." label="City Longitude" xref="CityLongitude"/>
                <column dataType="double" format="BEST12." label="City Latitude" xref="CityLatitude"/>
            </columns>
        </table>
    </tables>
    <version>2</version>
</metadataSupplement>
