<?xml version="1.0" encoding="UTF-8" standalone="yes"?>
<reportPackage>
    <dataLevel>offline</dataLevel>
    <files>
        <file contentKey="BSRIGOZDENSYE6WV2ECWJB2SZSKRL5DW" name="report" type="report">
            <links>
                <link href="/report.xml" method="GET" rel="content" type="application/vnd.sas.report.content" uri="/report.xml"/>
            </links>
        </file>
        <file contentKey="NNYBINXUBSBJV5OI3CK7PU4SZ6KLGLSL" name="basems1.css" type="css">
            <links>
                <link href="/css/basems1.css" method="GET" rel="content" type="text/css" uri="/css/basems1.css"/>
            </links>
        </file>
        <file contentKey="APWDY7KROCXQOQB5TRQKEAD3FUXUQAVW" name="highcontrast.css" type="css">
            <links>
                <link href="/css/highcontrast.css" method="GET" rel="content" type="text/css" uri="/css/highcontrast.css"/>
            </links>
        </file>
        <file contentKey="YUZZ5YMACXGZRZY6AKT6LDKG5SVUPAZG" name="ms1.css" type="css">
            <links>
                <link href="/css/ms1.css" method="GET" rel="content" type="text/css" uri="/css/ms1.css"/>
            </links>
        </file>
        <file contentKey="CRLXVOME6JMTCJZ26P7YQBTZ4FY6LQLP" name="dd193.csv" type="data">
            <links>
                <link href="/data/dd193.csv" method="GET" rel="content" type="text/csv" uri="/data/dd193.csv"/>
            </links>
        </file>
        <file contentKey="O3AERPSSJG4AFLTII66JXYWJ3C42DWHK" name="dd193index.csv" type="data">
            <links>
                <link href="/data/dd193index.csv" method="GET" rel="content" type="text/csv" uri="/data/dd193index.csv"/>
            </links>
        </file>
        <file contentKey="DLJDG5HVATFIH2WMCNG3ONSSRINDFWO3" name="metadataSupplement" type="resource">
            <links>
                <link href="/metadataSupplement.xml" method="GET" rel="content" type="application/vnd.sas.report.metadata.supplement" uri="/metadataSupplement.xml"/>
            </links>
        </file>
        <file contentKey="5HQ327YKC732TGUQZJ2VOPJHUYPHCABQ" name="packageStatusReport.txt" type="status">
            <links>
                <link href="/packageStatusReport.txt" method="GET" rel="content" type="text/plain" uri="/packageStatusReport.txt"/>
            </links>
        </file>
        <file contentKey="6DTA5N3BTTOOKX6RXP5D4637RQD5YSLS" name="index.html" type="html">
            <links>
                <link href="/index.html" method="GET" rel="content" type="text/html" uri="/index.html"/>
            </links>
        </file>
        <file contentKey="ISYNHREEW5F6ELAGKB4EUGSI7DTLESBG" name="packageIndex.html" type="html">
            <links>
                <link href="/packageIndex.html" method="GET" rel="content" type="text/html" uri="/packageIndex.html"/>
            </links>
        </file>
        <file contentKey="2Q6WGJFIZKJJW37NM36YUVR3UBSCZD54" name="viyafonts.css" type="css">
            <links>
                <link href="/css/viyafonts.css" method="GET" rel="content" type="text/css" uri="/css/viyafonts.css"/>
            </links>
        </file>
        <file contentKey="GWBEY45BDPJKVXB6NDWN3DRW54INU6VG" name="settings" type="resource">
            <links>
                <link href="/settings.json" method="GET" rel="content" type="application/vnd.sas.attributes" uri="/settings.json"/>
            </links>
        </file>
    </files>
    <formatLocale>ro-RO</formatLocale>
    <generatedTimeStamp>2025-03-10T15:35:43.725Z</generatedTimeStamp>
    <id>o_a6818454-f93f-49e5-949b-79c4a11e6882</id>
    <links>
        <link href="/reportPackages/packages/o_a6818454-f93f-49e5-949b-79c4a11e6882" method="GET" rel="self" type="application/vnd.sas.report.package" uri="/reportPackages/packages/o_a6818454-f93f-49e5-949b-79c4a11e6882"/>
        <link href="/reportData/results?reportContentKey=OUALVKH4F4VS3275JO7ZWIKCK3YIKVVK" method="POST" rel="requery" responseType="application/vnd.sas.report.results" type="application/vnd.sas.report.query.state" uri="/reportData/results?reportContentKey=OUALVKH4F4VS3275JO7ZWIKCK3YIKVVK"/>
        <link href="/reportData/jobs?reportContentKey=OUALVKH4F4VS3275JO7ZWIKCK3YIKVVK" method="POST" rel="requeryJob" responseType="application/vnd.sas.report.data.job" type="application/vnd.sas.report.query.state" uri="/reportData/jobs?reportContentKey=OUALVKH4F4VS3275JO7ZWIKCK3YIKVVK"/>
    </links>
    <locale>ro-RO</locale>
    <modifiedTimeStamp>2025-02-15T15:09:08.488Z</modifiedTimeStamp>
    <size>372307</size>
    <source>JSON:/reports/reports/3bfe33d3-aa2d-4d15-b15d-83397129b9b0</source>
    <version>49</version>
    <warnings>result,limitedInteractivity</warnings>
</reportPackage>
