<?xml version="1.0" encoding="UTF-8"?>
<SASReport xmlns="http://www.sas.com/sasreportmodel/bird-4.44.0" label="MEGACORP2020 BoD Report " features="promptModelV2" implicitInteractions="reportPrompt sectionPrompt sectionLink" createdLocale="ro_RO" createdVersion="4.39.0" dateCreated="2025-01-12T19:46:27Z" dateModified="2025-01-12T21:38:31Z" createdApplication="SAS Visual Analytics 2020" lastModifiedApplication="SAS Visual Analytics 2020" nextUniqueNameIndex="231">
	<Results>
		<Result ref="dd71" type="relational" status="success" dataLevel="baseline" label="Results" dataLocale="ro_RO" consumerDataModel="aggregated" supportsExportDetail="true" supportsCustomQuery="true" sortLocale="ro_RO" tableDateModified="2025-02-15T15:09:08.488Z">
			<Variables>
				<NumericVariable format="YEAR4" usage="categorical" label="Date by Year" ref="bi74" varname="bi74" column="c0"/>
				<NumericVariable format="DOLLAR15." usage="quantitative" definedAggregation="sum" label="Profit" ref="bi76" varname="bi76" column="c1"/>
			</Variables>
			<Columns>
				<NumericColumn dataType="date" colname="c0" encoding="text"/>
				<NumericColumn dataType="double" colname="c1" encoding="text"/>
			</Columns>
			<DefinedColumnSortItems>
				<DefinedSortItem variable="bi74" sortDirection="ascending"/>
			</DefinedColumnSortItems>
			<Data isIndexed="false" availableRowCount="13" contentKey="DPRUXSHUOAOH4JZ4IGSLXUR6X224HEYE" size="350" format="CSV" rowCount="13" grandTotal="false" dataLayout="minimal"><![CDATA[17532.0,1.2367099399755007E7
17898.0,1.0552049736769048E7
18263.0,6587501.964869674
18628.0,1217150.161754032
18993.0,2902703.4821872236
19359.0,3072217.6277469243
19724.0,3760500.9303583996
20089.0,4871128.335752053
20454.0,3994296.4749128255
20820.0,-189019.0658436266
21185.0,971970.4444598828
21550.0,863510.8945830807
21915.0,-2344.570348598645
]]></Data>
		</Result>
		<Result ref="dd65" type="relational" status="success" dataLevel="baseline" label="Results" dataLocale="ro_RO" consumerDataModel="aggregated" supportsExportDetail="true" supportsCustomQuery="true" sortLocale="ro_RO" tableDateModified="2025-02-15T15:09:08.488Z">
			<Variables>
				<NumericVariable format="DOLLAR15." usage="quantitative" definedAggregation="sum" label="Profit" ref="bi73" varname="bi73" column="c0"/>
			</Variables>
			<Columns>
				<NumericColumn dataType="double" colname="c0" encoding="text"/>
			</Columns>
			<DefinedColumnSortItems>
				<DefinedMeasureSortItem variable="bi73" sortDirection="descending"/>
			</DefinedColumnSortItems>
			<Data isIndexed="false" availableRowCount="1" contentKey="3PCXBAALCZGRLLXF2ACAGRORVLMNXMPR" size="20" format="CSV" rowCount="1" grandTotal="false" dataLayout="minimal"><![CDATA[5.096876581695547E7
]]></Data>
		</Result>
		<Result ref="dd57" type="relational" status="failure" supportsCustomQuery="true">
			<Messages>
				<Message messageKey="reportObjectIncomplete" messageLevel="error">
					<MessageText>The report object is not completely defined.</MessageText>
				</Message>
			</Messages>
			<Data availableRowCount="0" size="0" format="CSV" rowCount="0"></Data>
		</Result>
		<Result ref="dd103" type="flattenedMultidimensional" status="warning" dataLevel="baseline" label="Coordinate" dataLocale="ro_RO" supportsExportDetail="true" supportsCustomQuery="true" sortLocale="ro_RO" tableDateModified="2025-02-15T15:09:08.488Z">
			<Messages>
				<Message messageKey="limitedInteractivity" messageLevel="warning">
					<MessageText>The package data is incomplete. The data required to support actions could not be retrieved. (Unsupported feature)</MessageText>
					<Parameters>
						<Parameter key="offlineNeedsAdvancedProcessingReason">This object type requires an advanced query.</Parameter>
						<Parameter key="unsupportedFeature">Hierarchies that use geographic data are not supported.</Parameter>
					</Parameters>
				</Message>
			</Messages>
			<OlapVariables>
				<Hierarchy depth="1" label="State Latitude" varname="bi114" ref="bi114">
					<Level column="c0" coordinateSpace="WGS84" uniqueLevelName="bi114" label="State Latitude" format="BEST."/>
				</Hierarchy>
				<Hierarchy depth="1" label="State Longitude" varname="bi113" ref="bi113">
					<Level column="c1" coordinateSpace="WGS84" uniqueLevelName="bi113" label="State Longitude" format="BEST."/>
				</Hierarchy>
				<Measure column="c2" format="DOLLAR15." usage="quantitative" label="Profit" varname="bi137" ref="bi137"/>
				<Hierarchy depth="1" label="Facility State" varname="bi118" ref="bi118">
					<Level column="c3" uniqueLevelName="bi118" label="Facility State"/>
				</Hierarchy>
				<Hierarchy depth="1" label="Facility State" varname="bi135" ref="bi135">
					<Level column="c4" uniqueLevelName="bi135" label="Facility State"/>
				</Hierarchy>
				<Measure column="c5" format="DOLLAR15." usage="quantitative" label="Profit" varname="bi138" ref="bi138"/>
				<Hierarchy depth="1" label="Location Hierarchy" varname="bi132" ref="bi132">
					<ConstantLevel dataType="string" drillable="true" uniqueLevelName="bi18" label="Facility Region" startMember="North"/>
					<Level column="c6" uniqueLevelName="bi19" label="Facility State"/>
					<DrillLevel label="Facility City" uniqueLevelName="bi17"/>
				</Hierarchy>
			</OlapVariables>
			<Columns>
				<NumericColumn dataType="double" colname="c0" encoding="text"/>
				<NumericColumn dataType="double" colname="c1" encoding="text"/>
				<NumericColumn dataType="double" colname="c2" encoding="text"/>
				<StringColumn maxLength="1" colname="c3" encoding="text"/>
				<StringColumn maxLength="1" colname="c4" encoding="text"/>
				<NumericColumn dataType="double" colname="c5" encoding="text"/>
				<StringColumn maxLength="1" colname="c6" encoding="text"/>
			</Columns>
			<Data isIndexed="true" availableRowCount="2" contentKey="VS7XMMOY7DGGMUDO7HSONYO2W4EALPCY" size="142" format="CSV" rowCount="2" grandTotal="false" dataLayout="minimal"><![CDATA[39.7393,-89.4510324793882,2153718.6527326438,0,0,2153718.6527326438,0
40.1907275,-82.741634988049,1745698.2902134212,1,1,1745698.2902134212,1
]]></Data>
			<StringTable contentKey="IK7WN246GKSB4LGBRUG4BDJ6BWHBACH6" size="10" format="CSV" rowCount="2"><![CDATA["IL"
"OH"
]]></StringTable>
		</Result>
		<Result ref="dd159" type="relational" status="success" dataLevel="baseline" label="Results" dataLocale="ro_RO" consumerDataModel="aggregated" supportsExportDetail="true" supportsCustomQuery="true" sortLocale="ro_RO" tableDateModified="2025-02-15T15:09:08.488Z">
			<Variables>
				<StringVariable label="Product Line" ref="bi168" varname="bi168" column="c0"/>
				<StringVariable label="Product Brand" ref="bi171" varname="bi171" column="c1"/>
				<NumericVariable format="DOLLAR15." usage="quantitative" definedAggregation="sum" label="Profit" ref="bi170" varname="bi170" column="c2"/>
			</Variables>
			<Columns>
				<StringColumn maxLength="1" colname="c0" encoding="text"/>
				<StringColumn maxLength="1" colname="c1" encoding="text"/>
				<NumericColumn dataType="double" colname="c2" encoding="text"/>
			</Columns>
			<DefinedColumnSortItems>
				<DefinedMeasureSortItem variable="bi170" sortDirection="descending"/>
				<DefinedSortItem variable="bi168" sortDirection="ascending"/>
				<DefinedSortItem variable="bi171" sortDirection="ascending"/>
			</DefinedColumnSortItems>
			<Data isIndexed="true" availableRowCount="4" contentKey="FEKQNTIVASM6JLOINJQUQFC2JZQYNMZZ" size="98" format="CSV" rowCount="4" grandTotal="false" dataLayout="minimal"><![CDATA[1,5,3.8199642589626566E7
3,2,2.7097543767228067E7
4,5,-3024132.440632104
0,5,-1.130428809926664E7
]]></Data>
			<StringTable contentKey="ZTAV4UYAC4CNWAD7Y2A26JZ7RY254PS5" size="70" format="CSV" rowCount="6"><![CDATA["Action Figure"
"Game"
"Novelty"
"Promotional"
"Stuffed Animal"
"Toy"
]]></StringTable>
		</Result>
		<Result ref="dd193" type="flattenedMultidimensional" status="success" dataLevel="interactive" label="Results" dataLocale="ro_RO" consumerDataModel="aggregated" supportsExportDetail="true" supportsCustomQuery="false" sortLocale="ro_RO" tableDateModified="2025-02-15T15:09:08.488Z">
			<OlapVariables>
				<Hierarchy depth="1" usage="rollup" varname="ru0" ref="bi206">
					<ConstantLevel dataType="string" uniqueLevelName="bi18" label="Facility Region" startMember="North"/>
					<Level column="c0" uniqueLevelName="bi19" label="Facility State"/>
				</Hierarchy>
				<Hierarchy depth="1" usage="rollup" label="Product Brand" varname="ru1" ref="bi21">
					<Level column="c2" uniqueLevelName="bi21" label="Product Brand"/>
				</Hierarchy>
				<Hierarchy depth="1" usage="rollup" label="Product Line" varname="ru2" ref="bi24">
					<Level column="c3" uniqueLevelName="bi24" label="Product Line"/>
				</Hierarchy>
				<Hierarchy depth="3" label="Product Hierarchy" varname="bi202" ref="bi202">
					<Level column="c3" uniqueLevelName="bi21" label="Product Brand"/>
					<Level column="c4" uniqueLevelName="bi24" label="Product Line"/>
					<Level column="c5" uniqueLevelName="bi20" label="Product"/>
				</Hierarchy>
				<Hierarchy depth="3" label="Location Hierarchy" varname="bi206" ref="bi206">
					<Level column="c6" uniqueLevelName="bi18" label="Facility Region"/>
					<Level column="c7" uniqueLevelName="bi19" label="Facility State"/>
					<Level column="c8" uniqueLevelName="bi17" label="Facility City"/>
				</Hierarchy>
				<Measure column="c9" format="DOLLAR15." definedAggregation="sum" usage="quantitative" label="Profit" varname="bi208" ref="bi208"/>
				<Measure column="c10" format="F4." definedAggregation="sum" usage="quantitative" label="Unit Capacity" varname="bi218" ref="bi218"/>
				<Measure column="c11" format="F4." definedAggregation="sum" usage="quantitative" label="Unit Yield (target)" varname="bi220" ref="bi220"/>
				<Measure column="c12" format="F4." definedAggregation="sum" usage="quantitative" label="Unit Yield (actual)" varname="bi222" ref="bi222"/>
				<Measure column="c13" format="PERCENT12.2" usage="quantitative" label="Actual vs Capacity" varname="bi224" ref="bi224"/>
				<Measure column="c14" format="PERCENT12.2" usage="quantitative" label="Actual vs Target" varname="bi226" ref="bi226"/>
			</OlapVariables>
			<Columns>
				<StringColumn maxLength="0" colname="c0" encoding="text"/>
				<StringColumn maxLength="0" colname="c1" encoding="text"/>
				<StringColumn maxLength="0" colname="c2" encoding="text"/>
				<StringColumn maxLength="0" colname="c3" encoding="text"/>
				<StringColumn maxLength="0" colname="c4" encoding="text"/>
				<StringColumn maxLength="0" colname="c5" encoding="text"/>
				<StringColumn maxLength="0" colname="c6" encoding="text"/>
				<StringColumn maxLength="0" colname="c7" encoding="text"/>
				<StringColumn maxLength="0" colname="c8" encoding="text"/>
				<NumericColumn dataType="double" colname="c9" encoding="text"/>
				<NumericColumn dataType="double" colname="c10" encoding="text"/>
				<NumericColumn dataType="double" colname="c11" encoding="text"/>
				<NumericColumn dataType="double" colname="c12" encoding="text"/>
				<NumericColumn dataType="double" colname="c13" encoding="text"/>
				<NumericColumn dataType="double" colname="c14" encoding="text"/>
			</Columns>
			<DefinedColumnSortItems>
				<DefinedSortItem variable="bi202" sortDirection="ascending">
					<DefinedSortLevel uniqueLevelName="bi21" sortDirection="ascending"/>
					<DefinedSortLevel uniqueLevelName="bi24" sortDirection="ascending"/>
					<DefinedSortLevel uniqueLevelName="bi20" sortDirection="ascending"/>
				</DefinedSortItem>
			</DefinedColumnSortItems>
			<DefinedRowSortItems>
				<DefinedMeasureSortItem variable="bi224" sortDirection="descending">
					<DefinedSortMember variable="bi202">[&apos;Novelty&apos;]</DefinedSortMember>
				</DefinedMeasureSortItem>
				<DefinedSortItem variable="bi206" sortDirection="ascending">
					<DefinedSortLevel uniqueLevelName="bi18" sortDirection="ascending"/>
					<DefinedSortLevel uniqueLevelName="bi19" sortDirection="ascending"/>
					<DefinedSortLevel uniqueLevelName="bi17" sortDirection="ascending"/>
				</DefinedSortItem>
			</DefinedRowSortItems>
			<DataFile contentKey="CRLXVOME6JMTCJZ26P7YQBTZ4FY6LQLP" size="204736" format="CSV" rowCount="1878" grandTotal="false" dataLayout="rollup" file="dd193.csv" isIndexed="true" availableRowCount="1878"/>
			<StringTableFile contentKey="O3AERPSSJG4AFLTII66JXYWJ3C42DWHK" size="651" format="CSV" rowCount="67" file="dd193index.csv"/>
		</Result>
		<Result ref="dd198" type="flattenedMultidimensional" status="success" dataLevel="interactive" label="Results" dataLocale="ro_RO" consumerDataModel="aggregated" supportsExportDetail="true" supportsCustomQuery="true" sortLocale="ro_RO" tableDateModified="2025-02-15T15:09:08.488Z">
			<OlapVariables>
				<Measure column="c0" format="COMMA12." definedAggregation="totalCount" usage="quantitative" label="Frequency" varname="bi228" ref="bi228"/>
				<Hierarchy depth="1" label="Product Line" varname="bi24" ref="bi24">
					<Level column="c1" uniqueLevelName="bi24" label="Product Line"/>
				</Hierarchy>
				<Hierarchy depth="1" label="Product Brand" varname="bi21" ref="bi21">
					<Level column="c2" uniqueLevelName="bi21" label="Product Brand"/>
				</Hierarchy>
				<Hierarchy depth="3" label="Location Hierarchy" varname="bi43" ref="bi43">
					<Level column="c3" uniqueLevelName="bi18" label="Facility Region"/>
					<Level column="c4" uniqueLevelName="bi19" label="Facility State"/>
					<Level column="c5" uniqueLevelName="bi17" label="Facility City"/>
				</Hierarchy>
			</OlapVariables>
			<Columns>
				<NumericAggregations colname="c0" encoding="text">
					<DataColumn dataType="double" aggregation="totalCount"/>
				</NumericAggregations>
				<StringColumn maxLength="2" colname="c1" encoding="text"/>
				<StringColumn maxLength="2" colname="c2" encoding="text"/>
				<StringColumn maxLength="2" colname="c3" encoding="text"/>
				<StringColumn maxLength="2" colname="c4" encoding="text"/>
				<StringColumn maxLength="2" colname="c5" encoding="text"/>
			</Columns>
			<Data isIndexed="true" availableRowCount="31" contentKey="KPQ3ZBVAQMTJY2FLGETXL7DDGL5YLFNX" size="688" format="CSV" rowCount="31" grandTotal="false" dataLayout="partiallyAggregated"><![CDATA[81130.0,0,40,11,25,20
10423.0,0,40,11,26,24
24536.0,0,40,11,31,32
105933.0,0,40,27,15,16
46961.0,0,40,27,30,7
43283.0,0,40,27,30,8
217019.0,0,40,38,1,4
215190.0,0,40,38,1,21
79437.0,0,40,38,17,22
194643.0,0,40,38,41,9
161723.0,0,40,43,5,34
10048.0,13,40,11,26,24
106441.0,13,40,27,15,6
46790.0,13,40,27,30,7
42948.0,13,40,27,30,8
147019.0,13,40,38,2,18
97240.0,13,40,38,41,10
113652.0,13,40,38,41,14
137470.0,13,40,43,3,36
106198.0,13,40,43,42,37
34132.0,33,28,11,29,23
179499.0,33,28,43,5,35
1017.0,39,40,11,26,24
2164.0,39,40,11,31,32
8547.0,39,40,27,15,12
3542.0,39,40,27,30,7
2076.0,39,40,27,30,8
1627.0,39,40,38,17,22
1526.0,39,40,38,41,10
4874.0,39,40,43,5,19
1999.0,39,40,43,42,37
]]></Data>
			<StringTable contentKey="3H567BPKPNY2X6GGN55OG25H6OPWESOL" size="416" format="CSV" rowCount="44"><![CDATA["Action Figure"
"AL"
"AR"
"AZ"
"Birmingham"
"CA"
"Chicago"
"Cincinnati"
"Cleveland"
"Corpus Christi"
"Dallas"
"East"
"Elgin"
"Game"
"Houston"
"IL"
"Joliet"
"LA"
"Little Rock"
"Los Angeles"
"Manchester"
"Mobile"
"New Orleans"
"New York"
"Newark"
"NH"
"NJ"
"North"
"Novelty"
"NY"
"OH"
"PA"
"Philadelphia"
"Promotional"
"San Diego"
"San Francisco"
"Scottsdale"
"Seattle"
"South"
"Stuffed Animal"
"Toy"
"TX"
"WA"
"West"
]]></StringTable>
		</Result>
	</Results>
	<DataDefinitions>
		<ParentDataDefinition childQueryRelationship="independent" status="incomplete" dataSource="ds7" name="dd55">
			<BusinessItems>
				<RelationalDataItem binOption="formatBin" name="bi59" base="bi12" usage="quantitative" aggregation="min"/>
				<RelationalDataItem binOption="formatBin" name="bi60" base="bi12" usage="quantitative" aggregation="max"/>
			</BusinessItems>
			<DataDefinition dataSource="ds7" type="relational" name="dd56">
				<RelationalQuery detail="false">
					<Axes>
						<Axis type="column">
							<BusinessItem ref="bi59"/>
							<BusinessItem ref="bi60"/>
						</Axis>
					</Axes>
				</RelationalQuery>
				<ResultDefinitions>
					<ResultDefinition purpose="primary" name="dd57"/>
				</ResultDefinitions>
			</DataDefinition>
		</ParentDataDefinition>
		<ParentDataDefinition childQueryRelationship="independent" status="executable" dataSource="ds7" name="dd63">
			<BusinessItems>
				<RelationalDataItem name="bi73" base="bi25"/>
			</BusinessItems>
			<DataDefinition dataSource="ds7" type="multidimensional" name="dd64">
				<MultidimensionalQuery detail="false">
					<Axes>
						<Axis type="column"/>
						<Axis type="row">
							<BusinessItem ref="bi73"/>
						</Axis>
					</Axes>
					<ColumnSortItems>
						<MeasureSortItem ref="bi73" sortDirection="descending"/>
					</ColumnSortItems>
				</MultidimensionalQuery>
				<ResultDefinitions>
					<ResultDefinition purpose="primary" maxRowsLookup="keyValue" maxRowsBehavior="truncate" name="dd65"/>
				</ResultDefinitions>
			</DataDefinition>
		</ParentDataDefinition>
		<ParentDataDefinition childQueryRelationship="independent" status="executable" dataSource="ds7" name="dd69">
			<BusinessItems>
				<RelationalDataItem name="bi74" base="bi12"/>
				<RelationalDataItem name="bi76" base="bi25"/>
			</BusinessItems>
			<DataDefinition dataSource="ds7" type="multidimensional" name="dd70">
				<MultidimensionalQuery detail="false">
					<Axes>
						<Axis type="column">
							<BusinessItem ref="bi74"/>
						</Axis>
						<Axis type="row">
							<BusinessItem ref="bi76"/>
						</Axis>
					</Axes>
					<ColumnSortItems>
						<SortItem ref="bi74" sortDirection="ascending"/>
					</ColumnSortItems>
				</MultidimensionalQuery>
				<ResultDefinitions>
					<ResultDefinition purpose="primary" maxRowsLookup="graphDefault" maxRowsBehavior="truncate" name="dd71"/>
				</ResultDefinitions>
			</DataDefinition>
		</ParentDataDefinition>
		<ParentDataDefinition childQueryRelationship="independent" status="executable" dataSource="ds7" name="dd157">
			<BusinessItems>
				<RelationalDataItem name="bi168" base="bi24"/>
				<RelationalDataItem name="bi170" base="bi25"/>
				<RelationalDataItem name="bi171" base="bi21"/>
			</BusinessItems>
			<DataDefinition dataSource="ds7" type="multidimensional" name="dd158">
				<MultidimensionalQuery detail="false">
					<Axes>
						<Axis type="column">
							<BusinessItem ref="bi168"/>
							<BusinessItem ref="bi171"/>
						</Axis>
						<Axis type="row">
							<BusinessItem ref="bi170"/>
						</Axis>
					</Axes>
					<ColumnSortItems>
						<MeasureSortItem ref="bi170" sortDirection="descending"/>
						<SortItem ref="bi168" sortDirection="ascending"/>
						<SortItem ref="bi171" sortDirection="ascending"/>
					</ColumnSortItems>
				</MultidimensionalQuery>
				<ResultDefinitions>
					<ResultDefinition purpose="primary" maxRowsLookup="graphDefault" maxRowsBehavior="truncate" name="dd159"/>
				</ResultDefinitions>
			</DataDefinition>
		</ParentDataDefinition>
		<ParentDataDefinition childQueryRelationship="independent" status="executable" dataSource="ds7" name="dd196">
			<BusinessItems>
				<RelationalDataItem name="bi228" base="bi40"/>
			</BusinessItems>
			<DataDefinition dataSource="ds7" type="relational" name="dd197">
				<RelationalQuery detail="false">
					<Axes>
						<Axis type="column">
							<BusinessItem ref="bi228"/>
						</Axis>
					</Axes>
				</RelationalQuery>
				<ResultDefinitions>
					<ResultDefinition purpose="primary" name="dd198"/>
				</ResultDefinitions>
			</DataDefinition>
		</ParentDataDefinition>
		<ParentDataDefinition childQueryRelationship="independent" status="executable" dataSource="ds7" name="dd101">
			<BusinessItems>
				<SyntheticItems name="si112">
					<Item purpose="size" root="bi136" name="bi137"/>
					<Item purpose="dataTip" root="bi132" name="bi135"/>
					<Item purpose="dataTip" root="bi136" name="bi138"/>
					<Item purpose="longitude" root="bi134" name="bi113"/>
					<Item purpose="latitude" root="bi133" name="bi114"/>
					<Item purpose="geoItemRaw" root="bi132" name="bi118"/>
				</SyntheticItems>
				<MultidimensionalDataItem includeAssociatedColumns="true" name="bi132" base="bi43"/>
				<LookupDataItem property="longitude" lookup="bi43" name="bi134"/>
				<LookupDataItem property="latitude" lookup="bi43" name="bi133"/>
				<RelationalDataItem name="bi136" base="bi25"/>
			</BusinessItems>
			<NavigationSteps>
				<Step>drill(${bi132,binned},[&apos;North&apos;])</Step>
			</NavigationSteps>
			<DataDefinition dataSource="ds7" type="procedural" name="dd102">
				<ProceduralQuery type="geoMap" scoreCodeNumber="111">
					<Arguments>
						<Argument purpose="geoType">
							<StringValue>bubble</StringValue>
						</Argument>
						<Argument purpose="geoItem">
							<ReferenceValue>bi132</ReferenceValue>
						</Argument>
						<Argument purpose="longitude">
							<ReferenceValue>bi134</ReferenceValue>
						</Argument>
						<Argument purpose="latitude">
							<ReferenceValue>bi133</ReferenceValue>
						</Argument>
					</Arguments>
				</ProceduralQuery>
				<ResultDefinitions>
					<ResultDefinition purpose="primary" maxRowsLookup="geoBubble" maxRowsBehavior="truncate" name="dd103" syntheticItems="si112"/>
				</ResultDefinitions>
			</DataDefinition>
		</ParentDataDefinition>
		<DataDefinition dataSource="ds121" type="mapprovider" name="dd119"/>
		<ParentDataDefinition childQueryRelationship="independent" status="executable" dataSource="ds7" name="dd191">
			<BusinessItems>
				<MultidimensionalDataItem name="bi202" base="bi42"/>
				<MultidimensionalDataItem name="bi206" base="bi43"/>
				<RelationalDataItem name="bi208" base="bi25"/>
				<RelationalDataItem name="bi218" base="bi33"/>
				<RelationalDataItem name="bi220" base="bi39"/>
				<RelationalDataItem name="bi222" base="bi37"/>
				<RelationalDataItem name="bi224" base="bi199"/>
				<RelationalDataItem name="bi226" base="bi200"/>
			</BusinessItems>
			<DataDefinition dataSource="ds7" type="multidimensional" name="dd192">
				<MultidimensionalQuery rowSubtotals="false" columnSubtotals="true" detail="false">
					<Axes>
						<Axis type="column">
							<BusinessItem ref="bi202"/>
							<BusinessItem ref="bi208"/>
							<BusinessItem ref="bi218"/>
							<BusinessItem ref="bi220"/>
							<BusinessItem ref="bi222"/>
							<BusinessItem ref="bi224"/>
							<BusinessItem ref="bi226"/>
						</Axis>
						<Axis type="row">
							<BusinessItem ref="bi206"/>
						</Axis>
					</Axes>
					<ColumnSortItems>
						<SortItem ref="bi202" sortDirection="ascending">
							<SortLevel uniqueLevelName="bi21" sortDirection="ascending"/>
							<SortLevel uniqueLevelName="bi24" sortDirection="ascending"/>
							<SortLevel uniqueLevelName="bi20" sortDirection="ascending"/>
						</SortItem>
					</ColumnSortItems>
					<RowSortItems>
						<MeasureSortItem ref="bi224" sortDirection="descending">
							<SortMember ref="bi202">[&apos;Novelty&apos;]</SortMember>
						</MeasureSortItem>
						<SortItem ref="bi206" sortDirection="ascending">
							<SortLevel uniqueLevelName="bi18" sortDirection="ascending"/>
							<SortLevel uniqueLevelName="bi19" sortDirection="ascending"/>
							<SortLevel uniqueLevelName="bi17" sortDirection="ascending"/>
						</SortItem>
					</RowSortItems>
				</MultidimensionalQuery>
				<ResultDefinitions>
					<ResultDefinition purpose="primary" maxRowsLookup="crosstab" maxRowsBehavior="noData" name="dd193"/>
				</ResultDefinitions>
			</DataDefinition>
		</ParentDataDefinition>
	</DataDefinitions>
	<DataSources>
		<DataSource label="MEGACORP2020" type="relational" name="ds7">
			<CasResource server="cas-shared-default" library="VISUAL" table="MEGACORP2020" locale="ro_RO"/>
			<BusinessItemFolder>
				<DataItem name="bi8" xref="CityLatitude" hidden="true"/>
				<DataItem name="bi9" xref="CityLongitude" hidden="true"/>
				<DataItem name="bi10" xref="Date"/>
				<DataItem name="bi11" xref="DateByMonth"/>
				<DataItem name="bi12" xref="DateByYear"/>
				<DataItem name="bi13" xref="DayOfWeek" usage="categorical"/>
				<DataItem name="bi14" xref="Expenses"/>
				<DataItem name="bi15" xref="Facility"/>
				<DataItem name="bi16" xref="FacilityAge"/>
				<DataItem name="bi17" xref="FacilityCity" usage="categorical">
					<GeoInfo geoType="column" coordinateSpace="WGS84">
						<Lookup property="latitude" ref="bi8"/>
						<Lookup property="longitude" ref="bi9"/>
					</GeoInfo>
				</DataItem>
				<DataItem name="bi18" xref="FacilityRegion" usage="categorical">
					<GeoInfo geoType="column" coordinateSpace="WGS84">
						<Lookup property="latitude" ref="bi26"/>
						<Lookup property="longitude" ref="bi27"/>
					</GeoInfo>
				</DataItem>
				<DataItem name="bi19" xref="FacilityState" usage="categorical">
					<GeoInfo geoType="column" coordinateSpace="WGS84">
						<Lookup property="latitude" ref="bi29"/>
						<Lookup property="longitude" ref="bi30"/>
					</GeoInfo>
				</DataItem>
				<DataItem name="bi20" xref="Product"/>
				<DataItem name="bi21" xref="ProductBrand"/>
				<DataItem name="bi22" xref="ProductDescription"/>
				<DataItem name="bi23" xref="ProductID" usage="categorical"/>
				<DataItem name="bi24" xref="ProductLine"/>
				<DataItem name="bi25" xref="Profit" format="DOLLAR15."/>
				<DataItem name="bi26" xref="RegionLatitude" hidden="true"/>
				<DataItem name="bi27" xref="RegionLongitude" hidden="true"/>
				<DataItem name="bi28" xref="Revenue"/>
				<DataItem name="bi29" xref="StateLatitude" hidden="true"/>
				<DataItem name="bi30" xref="StateLongitude" hidden="true"/>
				<DataItem name="bi31" xref="Unit"/>
				<DataItem name="bi32" xref="UnitAge"/>
				<DataItem name="bi33" xref="UnitCapacity"/>
				<DataItem name="bi34" xref="UnitDowntime"/>
				<DataItem name="bi35" label="Unit Reliability (avg)" xref="UnitReliability" format="PERCENT7.2" aggregation="average"/>
				<DataItem name="bi36" xref="UnitStatus"/>
				<DataItem name="bi37" xref="UnitYieldActual"/>
				<DataItem name="bi38" label="Unit Yield (rate-avg)" xref="UnitYieldRate" format="PERCENT7.2" aggregation="average"/>
				<DataItem name="bi39" xref="UnitYieldTarget"/>
				<PredefinedDataItem calculation="totalCount" name="bi40" label="Frequency" usage="quantitative" format="COMMA12."/>
				<PredefinedDataItem calculation="totalCountPercent" name="bi41" label="Frequency Percent" usage="quantitative" format="PERCENT20.2"/>
				<Hierarchy name="bi42" label="Product Hierarchy">
					<Level ref="bi21"/>
					<Level ref="bi24"/>
					<Level ref="bi20"/>
				</Hierarchy>
				<Hierarchy name="bi43" label="Location Hierarchy">
					<Level ref="bi18"/>
					<Level ref="bi19"/>
					<Level ref="bi17"/>
				</Hierarchy>
				<AggregateCalculatedItem dataType="double" name="bi199" label="Actual vs Capacity" format="PERCENT12.2">
					<Expression>div(aggregate(sum,group,${bi37,raw}),aggregate(sum,group,${bi33,raw}))</Expression>
					<EditorProperties>
						<Property key="USER_EDIT_REPRESENTATION">(Sum (ByGroup,&apos;Unit Yield (actual)&apos;n)) / (Sum (ByGroup, &apos;Unit Capacity&apos;n))</Property>
					</EditorProperties>
				</AggregateCalculatedItem>
				<AggregateCalculatedItem dataType="double" name="bi200" label="Actual vs Target" format="PERCENT12.2">
					<Expression>div(aggregate(sum,group,${bi37,raw}),aggregate(sum,group,${bi39,raw}))</Expression>
					<EditorProperties>
						<Property key="USER_EDIT_REPRESENTATION">(Sum (ByGroup,&apos;Unit Yield (actual)&apos;n)) / (Sum (ByGroup, &apos;Unit Yield (target)&apos;n))</Property>
					</EditorProperties>
				</AggregateCalculatedItem>
			</BusinessItemFolder>
		</DataSource>
		<DataSource label="OpenStreetMapProvider" type="mapprovider" name="ds121">
			<OpenStreetMapProvider useSSL="true" osmType="SAS_AUTO"/>
		</DataSource>
	</DataSources>
	<VisualElements>
		<Prompt interactOnAggregateData="false" required="true" resultDefinitions="dd57" name="ve54" data="dd55" label="Year Selector" selectionDisabled="true" applyDynamicBrushes="no">
			<EditorProperties>
				<Property key="autoChartCategory">CONTROL</Property>
				<Property key="isAutoLabel">false</Property>
			</EditorProperties>
			<Title><P><Span>Select a range of years</Span></P></Title>
			<DualSlider minVariable="bi59" maxVariable="bi60">
				<NumericRangeConstraint required="true" minInclusive="true" maxInclusive="true"/>
			</DualSlider>
		</Prompt>
		<Graph graphType="keyValue" supplementalVisuals="ve66" resultDefinitions="dd65" name="ve62" data="dd63" label="Total Company Profit " applyDynamicBrushes="yes">
			<EditorProperties>
				<Property key="isAutoLabel">false</Property>
				<Property key="previousShowMeasureValue">true</Property>
				<Property key="previousShowMeasureLabel">true</Property>
				<Property key="previousShowCategoryValue">true</Property>
				<Property key="previousShowCategoryLabel">true</Property>
				<Property key="previousShowAggregation">false</Property>
			</EditorProperties>
			<Title auto="false"><P><Span class="styleForTitle_span1">Profits for all locations and products</Span></P></Title>
<![CDATA[<StatGraph border="false" opaque="false" missingValueDisplay="autolabel">
    <PadAttrs top="0px" bottom="0px" left="0px" right="0px"/>
    <Meta>
        <DynVars>
            <DynVar name="RESPONSE" description="MEASURE_VAR" required="true" assignedType="numeric" type="numeric">
                <DefaultValues>
                    <Value>dd65.bi73</Value>
                </DefaultValues>
            </DynVar>
            <DynVar name="CATEGORY" description="CATEGORY_VAR" required="false" type="character"/>
            <DynVar name="TIP" description="TIP_VAR" required="false" assignedType="numeric" type="any" multiplesAllowed="true">
                <DefaultValues>
                    <Value>dd65.bi73</Value>
                </DefaultValues>
            </DynVar>
            <DynVar name="HIDDEN" description="HIDDEN_VAR" required="false" type="character" multiplesAllowed="true"/>
        </DynVars>
    </Meta>
    <LayoutDataPanel cellHeightMin="100px" cellWidthMin="100px" rowGutter="4px" columnGutter="6px" headerLabelDisplay="none" includeMissingClass="true" scroll="true" classVars="CATEGORY">
        <LayoutPrototypeRegion>
            <KeyValue name="KeyValue" tipListPolicy="replace" _stmt="keyValue" display="CATEGORYLABEL CATEGORYVALUE RESPONSEVALUE" hAlign="center" justify="left" key="responsevalue" vAlign="center" tip="TIP" category="CATEGORY" response="RESPONSE"/>
        </LayoutPrototypeRegion>
    </LayoutDataPanel>
</StatGraph>
]]>
		</Graph>
		<Table columnSizing="autoFill" resultDefinitions="dd65" name="ve66" data="dd63" applyDynamicBrushes="yes">
			<Columns>
				<Column variable="bi73"/>
			</Columns>
		</Table>
		<Graph graphType="bar" supplementalVisuals="ve72" resultDefinitions="dd71" name="ve68" data="dd69" label="Profit by Year" applyDynamicBrushes="yes" sourceInteractionVariables="bi74">
			<EditorProperties>
				<Property key="isAutoLabel">false</Property>
			</EditorProperties>
			<Title><P><Span>Profit by Year</Span></P></Title>
			<Conditions>
				<Condition ref="cd82">
					<ConditionParameters>
						<ConditionParameter variable="bi1" parameter="bi76"/>
					</ConditionParameters>
				</Condition>
			</Conditions>
<![CDATA[<StatGraph border="false" opaque="false" includeMissingDiscrete="true" selectionMode="multiple" missingValueDisplay="autolabel">
    <PadAttrs top="0px" bottom="0px" left="0px" right="0px"/>
    <Meta>
        <DynVars>
            <DynVar name="CATEGORY" description="CATEGORY_VAR" required="true" assignedType="time" type="character">
                <DefaultValues>
                    <Value>dd71.bi74</Value>
                </DefaultValues>
            </DynVar>
            <DynVar name="RESPONSE" description="MEASURE_VAR" required="true" assignedType="numeric" type="numeric" multiplesAllowed="true">
                <DefaultValues>
                    <Value>dd71.bi76</Value>
                </DefaultValues>
            </DynVar>
            <DynVar name="GROUP" description="SUBGROUP_VAR" required="false" type="character"/>
            <DynVar name="COLUMN" description="HORIZONTAL_SERIES_VAR" required="false" type="character" multiplesAllowed="true"/>
            <DynVar name="ROW" description="VERTICAL_SERIES_VAR" required="false" type="character" multiplesAllowed="true"/>
            <DynVar name="TIP" description="TIP_VAR" required="false" assignedType="numeric" type="any" multiplesAllowed="true">
                <DefaultValues>
                    <Value>dd71.bi74</Value>
                    <Value>dd71.bi76</Value>
                </DefaultValues>
            </DynVar>
            <DynVar name="KEY_FRAME" description="ANIMATION" required="false" type="time" multiplesAllowed="false"/>
            <DynVar name="HIDDEN" description="HIDDEN_VAR" required="false" type="character" multiplesAllowed="true"/>
        </DynVars>
        <DataNameMap>
            <Entry model="LayoutDataMatrix_9" data="dd71"/>
        </DataNameMap>
    </Meta>
    <LayoutDataMatrix name="LayoutDataMatrix_9" cellHeightMin="1px" cellWidthMin="1px" includeMissingClass="true" rowVars="ROW" columnVars="COLUMN">
        <LayoutPrototypeOverlay2D>
            <BarChartParm name="BarChart" tipListPolicy="replace" _stmt="barchart" compactLabelFormats="true" groupDisplay="cluster" orient="vertical" barLabel="true" stat="none" tip="TIP" category="CATEGORY" responseVars="RESPONSE" group="GROUP">
                <BarLabelAttrs size="12pt" weight="bold"/>
            </BarChartParm>
            <XAxisOpts reverse="false">
                <DiscreteOpts tickValueFitPolicy="staggertruncatedrop" sortOrder="data" tickValueAppearance="auto"/>
                <LinearOpts>
                    <TickValueFormatOpts extractScale="true"/>
                </LinearOpts>
            </XAxisOpts>
            <YAxisOpts name="categoryAxis">
                <DiscreteOpts sortOrder="data"/>
                <LinearOpts>
                    <TickValueFormatOpts extractScale="true"/>
                </LinearOpts>
            </YAxisOpts>
        </LayoutPrototypeOverlay2D>
    </LayoutDataMatrix>
    <LayoutGlobalLegend legendTitlePosition="top" allowCollapsed="true">
        <AutoLegend>
            <GraphNames>
                <Value>BarChart</Value>
            </GraphNames>
        </AutoLegend>
    </LayoutGlobalLegend>
    <Animation keyFrameSortOrder="ascending_unformatted" keyFrame="KEY_FRAME"/>
    <OverviewAxis maxPlotSize="60px" minPlotSize="35px" visible="off" axis="categoryAxis"/>
</StatGraph>
]]>
		</Graph>
		<Table columnSizing="autoFill" resultDefinitions="dd71" name="ve72" data="dd69" applyDynamicBrushes="yes" sourceInteractionVariables="bi74">
			<Columns>
				<Column variable="bi74"/>
				<Column variable="bi76"/>
			</Columns>
		</Table>
		<VisualContainer containerType="layout" name="ve92" label="Layout Container 1" selectionDisabled="true">
			<EditorProperties>
				<Property key="visualType">LAYOUT_CONTAINER</Property>
			</EditorProperties>
		</VisualContainer>
		<Text name="ve94" label="Text 1" selectionDisabled="true" applyDynamicBrushes="no">
			<P><Span class="span1">The MEGACORP Profitability report displays profitability information from a variety of perspectives. The Overview page shows overall profitability for the years selected.</Span></P>
			<P></P>
			<P><Span class="span2">Additional pages provide different views of the company&apos;s profitability.</Span></P>
			<P></P>
			<P><Span class="span3"><Span class="span4">Controls</Span><Span>: Select a range of years using the slider above to change the time period for the entire report.</Span></Span></P>
		</Text>
		<VisualContainer containerType="layout" name="ve148" label="Layout Container 2" selectionDisabled="true">
			<EditorProperties>
				<Property key="visualType">LAYOUT_CONTAINER</Property>
			</EditorProperties>
		</VisualContainer>
		<Text name="ve150" label="Text 2" selectionDisabled="true" applyDynamicBrushes="no">
			<P><Span class="span1">The Profit by Facility Locations map uses the Location Hierarchy (Region/State/City).</Span></P>
			<P></P>
			<P><Span class="span2">If the profits for a given location are negative for a selected time period, the the marker is displayed as a red hexagon. </Span></P>
			<P></P>
			<P><Span class="span3">Controls: </Span></P>
			<P><Span class="span4">Select a range of years using the slider above to change the time span.</Span></P>
			<P><Span class="span5">To drill-down to the next level or link to details, double-click on any bubble.</Span></P>
			<P><Span class="span6">Use the drill path in the upper left to return up a level or select a different value at that level. </Span></P>
		</Text>
		<Graph graphType="bar" supplementalVisuals="ve160" resultDefinitions="dd159" name="ve156" data="dd157" label="Profit by Product " action="ac230" applyDynamicBrushes="yes" sourceInteractionVariables="bi168 bi171">
			<EditorProperties>
				<Property key="isAutoLabel">false</Property>
			</EditorProperties>
			<Title><P><Span>Profit by Product Line and Product Brand</Span></P></Title>
<![CDATA[<StatGraph border="false" opaque="false" includeMissingDiscrete="true" selectionMode="multiple" missingValueDisplay="autolabel">
    <PadAttrs top="0px" bottom="0px" left="0px" right="0px"/>
    <Meta>
        <DynVars>
            <DynVar name="CATEGORY" description="CATEGORY_VAR" required="true" assignedType="character" type="character">
                <DefaultValues>
                    <Value>dd159.bi168</Value>
                </DefaultValues>
            </DynVar>
            <DynVar name="RESPONSE" description="MEASURE_VAR" required="true" assignedType="numeric" type="numeric" multiplesAllowed="true">
                <DefaultValues>
                    <Value>dd159.bi170</Value>
                </DefaultValues>
            </DynVar>
            <DynVar name="GROUP" description="SUBGROUP_VAR" required="false" assignedType="character" type="character">
                <DefaultValues>
                    <Value>dd159.bi171</Value>
                </DefaultValues>
            </DynVar>
            <DynVar name="COLUMN" description="HORIZONTAL_SERIES_VAR" required="false" type="character" multiplesAllowed="true"/>
            <DynVar name="ROW" description="VERTICAL_SERIES_VAR" required="false" type="character" multiplesAllowed="true"/>
            <DynVar name="TIP" description="TIP_VAR" required="false" assignedType="character" type="any" multiplesAllowed="true">
                <DefaultValues>
                    <Value>dd159.bi168</Value>
                    <Value>dd159.bi170</Value>
                    <Value>dd159.bi171</Value>
                </DefaultValues>
            </DynVar>
            <DynVar name="KEY_FRAME" description="ANIMATION" required="false" type="time" multiplesAllowed="false"/>
            <DynVar name="HIDDEN" description="HIDDEN_VAR" required="false" type="character" multiplesAllowed="true"/>
        </DynVars>
        <DataNameMap>
            <Entry model="LayoutDataMatrix_49" data="dd159"/>
        </DataNameMap>
    </Meta>
    <LayoutDataMatrix name="LayoutDataMatrix_49" cellHeightMin="1px" cellWidthMin="1px" includeMissingClass="true" rowVars="ROW" columnVars="COLUMN">
        <LayoutPrototypeOverlay2D>
            <BarChartParm name="BarChart" tipListPolicy="replace" _stmt="barchart" compactLabelFormats="true" groupDisplay="cluster" groupOrder="reversedata" orient="horizontal" stat="none" tip="TIP" category="CATEGORY" responseVars="RESPONSE" group="GROUP" categoryOrderRole="response"/>
            <XAxisOpts name="categoryAxis">
                <DiscreteOpts sortOrder="data"/>
                <LinearOpts>
                    <TickValueFormatOpts extractScale="true"/>
                </LinearOpts>
            </XAxisOpts>
            <YAxisOpts reverse="true">
                <DiscreteOpts tickValueFitPolicy="staggertruncatedrop" sortOrder="descending" tickValueAppearance="auto"/>
                <LinearOpts>
                    <TickValueFormatOpts extractScale="true"/>
                </LinearOpts>
            </YAxisOpts>
        </LayoutPrototypeOverlay2D>
    </LayoutDataMatrix>
    <LayoutGlobalLegend legendTitlePosition="top" allowCollapsed="true">
        <AutoLegend sortOrder="ascending">
            <GraphNames>
                <Value>BarChart</Value>
            </GraphNames>
        </AutoLegend>
    </LayoutGlobalLegend>
    <Animation keyFrameSortOrder="ascending_unformatted" keyFrame="KEY_FRAME"/>
    <OverviewAxis maxPlotSize="60px" minPlotSize="35px" visible="off" axis="categoryAxis"/>
</StatGraph>
]]>
		</Graph>
		<Table columnSizing="autoFill" resultDefinitions="dd159" name="ve160" data="dd157" applyDynamicBrushes="yes" sourceInteractionVariables="bi168 bi171">
			<Columns>
				<Column variable="bi168"/>
				<Column variable="bi170"/>
				<Column variable="bi171"/>
			</Columns>
		</Table>
		<VisualContainer containerType="layout" name="ve162" label="Layout Container 3" selectionDisabled="true">
			<EditorProperties>
				<Property key="visualType">LAYOUT_CONTAINER</Property>
			</EditorProperties>
		</VisualContainer>
		<Text name="ve164" label="Text 3" selectionDisabled="true" applyDynamicBrushes="no">
			<P><Span class="span1">The Profit by Product Line Bar chart displays profits for each Product Line over the selected time span.</Span></P>
			<P></P>
			<P><Span class="span2">Constrols:</Span></P>
			<P><Span class="span3">To adjust the time span, using the slider above.</Span></P>
			<P><Span class="span4">Double-click a bar to link the detailed data.</Span></P>
			<P></P>
		</Text>
		<Text resultDefinitions="dd198" name="ve195" data="dd196" label="Text 4" selectionDisabled="true" applyDynamicBrushes="no">
			<EditorProperties>
				<Property key="autoFrequencyQueryDataItemName">bi228</Property>
			</EditorProperties>
			<P><Span>Filters Applied to the Crosstab:</Span><DynamicSpan metadataSource="interactiveFilters" class="sasdynamictext"></DynamicSpan></P>
			<P></P>
			<P><Span>Expand or Drill-down in the Crosstab to se more details.</Span></P>
		</Text>
		<Graph graphType="geo" graphSubType="geoBubble" supplementalVisuals="ve123" mapData="dd119" resultDefinitions="dd103" name="ve100" data="dd101" label="Profit by Location" action="ac229" applyDynamicBrushes="yes" sourceInteractionVariables="bi132">
			<EditorProperties>
				<Property key="isAutoLabel">false</Property>
				<Property key="derivedVisualType">true</Property>
			</EditorProperties>
			<Title><P><Span>Profit by Facility Locations</Span></P></Title>
			<Conditions>
				<Condition ref="cd140">
					<ConditionParameters>
						<ConditionParameter variable="bi1" parameter="bi137"/>
					</ConditionParameters>
					<ConditionScopes>
						<ScopeItem ref="bi132">
							<ScopeLevel uniqueLevelName="bi18"/>
						</ScopeItem>
					</ConditionScopes>
				</Condition>
				<Condition ref="cd142">
					<ConditionParameters>
						<ConditionParameter variable="bi1" parameter="bi137"/>
					</ConditionParameters>
					<ConditionScopes>
						<IntersectionScope>
							<ScopeItem ref="bi132">
								<ScopeLevel uniqueLevelName="bi18"/>
							</ScopeItem>
							<ScopeItem ref="bi132">
								<ScopeLevel uniqueLevelName="bi19"/>
							</ScopeItem>
						</IntersectionScope>
					</ConditionScopes>
				</Condition>
				<Condition ref="cd146">
					<ConditionParameters>
						<ConditionParameter variable="bi1" parameter="bi137"/>
					</ConditionParameters>
					<ConditionScopes>
						<IntersectionScope>
							<ScopeItem ref="bi132">
								<ScopeLevel uniqueLevelName="bi18"/>
							</ScopeItem>
							<ScopeItem ref="bi132">
								<ScopeLevel uniqueLevelName="bi19"/>
							</ScopeItem>
							<ScopeItem ref="bi132">
								<ScopeLevel uniqueLevelName="bi17"/>
							</ScopeItem>
						</IntersectionScope>
					</ConditionScopes>
				</Condition>
			</Conditions>
<![CDATA[<StatGraph border="false" opaque="false" includeMissingDiscrete="true" missingValueDisplay="autolabel" labelingLimit="500" overplottingPolicy="REDUCEMARKERSIZE" displayOptionPolicy="union">
    <PadAttrs top="0px" bottom="0px" left="0px" right="0px"/>
    <Meta>
        <DataNameMap>
            <Entry model="LayoutOverlayMap" data="dd103"/>
        </DataNameMap>
    </Meta>
    <LayoutOverlayMap name="LayoutOverlayMap" cycleAttrs="true" cycleColorResponses="true" dataLabelThinPolicy="nonoverlapping">
        <MapLayer name="MapLayer" visible="true"/>
        <BubblePlot name="Bubble" dataTransparency="0" compactLabelFormats="true" visible="true" display="FILL OUTLINE" relativeScaleType="magnitude" trailDisplay="BUBBLE LINE" auxiliary="Role1 Role1" tip="Role2 Role3" x="dd103#bi113" y="dd103#bi114" size="dd103#bi137" outlineAttrs="Outlines">
            <CompactLabelFormatOpts precisionType="auto"/>
            <Roles>
                <Role name="Role1" type="variable">dd103#bi132</Role>
                <Role name="Role2" type="variable">dd103#bi135</Role>
                <Role name="Role3" type="variable">dd103#bi138</Role>
            </Roles>
            <OutlineAttrs/>
        </BubblePlot>
    </LayoutOverlayMap>
    <LayoutGlobalLegend allowCollapsed="true">
        <ContinuousLegend border="false" opaque="false" vAlign="bottom" valueStyle="inflections" displayMissing="automatic" extractScale="true" type="fillcolor" title_type="KEYWORD" title="AUTO">
            <PadAttrs top="2px" bottom="2px" left="2px" right="2px"/>
            <GraphNames>
                <Value>Bubble</Value>
            </GraphNames>
        </ContinuousLegend>
        <SizeLegend border="false" opaque="false" hAlign="left" vAlign="bottom" orient="horizontal" extractScale="true" type="shape" title_type="KEYWORD" title="AUTO">
            <GraphNames>
                <Value>Bubble</Value>
            </GraphNames>
        </SizeLegend>
        <AutoLegend opaque="false" sortOrder="ascending">
            <GraphNames>
                <Value>Bubble</Value>
            </GraphNames>
        </AutoLegend>
    </LayoutGlobalLegend>
    <Animation keyframesPerSecond="1" playDirectionForward="true" repeatEnabled="false"/>
</StatGraph>
]]>
		</Graph>
		<Table columnSizing="autoFill" resultDefinitions="dd103" name="ve123" data="dd101" applyDynamicBrushes="yes">
			<Columns>
				<Column variable="bi132"/>
				<Column variable="bi137"/>
			</Columns>
		</Table>
		<Crosstab measureSizing="autoFill" resultDefinitions="dd193" name="ve190" data="dd191" label="Crosstab - Product Hierarchy 1" applyDynamicBrushes="yes" sourceInteractionVariables="bi202 bi206">
			<EditorProperties>
				<Property key="isAutoLabel">true</Property>
			</EditorProperties>
			<Axes>
				<Axis type="column">
					<Hierarchy name="ve203" variable="bi202">
						<Level uniqueLevelName="bi21"/>
						<Level uniqueLevelName="bi24"/>
						<Level uniqueLevelName="bi20"/>
					</Hierarchy>
					<Measures>
						<Measure compactFormat="false" name="ve209" variable="bi208"/>
						<Measure compactFormat="false" name="ve219" variable="bi218"/>
						<Measure compactFormat="false" name="ve221" variable="bi220"/>
						<Measure compactFormat="false" name="ve223" variable="bi222"/>
						<Measure compactFormat="false" name="ve225" variable="bi224"/>
						<Measure compactFormat="false" name="ve227" variable="bi226"/>
					</Measures>
				</Axis>
				<Axis type="row">
					<Hierarchy name="ve207" variable="bi206">
						<Level uniqueLevelName="bi18"/>
						<Level uniqueLevelName="bi19"/>
						<Level uniqueLevelName="bi17"/>
					</Hierarchy>
				</Axis>
			</Axes>
		</Crosstab>
	</VisualElements>
	<View>
		<Header location="top">
			<MediaContainer target="mt2">
				<ResponsiveLayout orientation="horizontal" overflow="fit">
					<Weights mediaTarget="mt5" unit="percent">
						<Weight value="100%"/>
					</Weights>
					<Weights mediaTarget="mt4" unit="percent">
						<Weight value="100%"/>
					</Weights>
					<Weights mediaTarget="mt3" unit="percent">
						<Weight value="100%"/>
					</Weights>
				</ResponsiveLayout>
				<Visual ref="ve54" name="vi53">
					<ResponsiveConstraint>
						<WidthConstraint>
							<Width mediaTarget="mt3" preferredSizeBehavior="honor" flexibility="fixed"/>
						</WidthConstraint>
						<HeightConstraint>
							<Height mediaTarget="mt3" preferredSizeBehavior="honor" flexibility="fixed"/>
						</HeightConstraint>
					</ResponsiveConstraint>
				</Visual>
			</MediaContainer>
		</Header>
		<Section name="vi6" label="Overview">
			<Header>
				<MediaContainer target="mt2">
					<ResponsiveLayout orientation="horizontal" overflow="fit">
						<Weights mediaTarget="mt5" unit="percent">
							<Weight value="100%"/>
						</Weights>
						<Weights mediaTarget="mt4" unit="percent">
							<Weight value="100%"/>
						</Weights>
						<Weights mediaTarget="mt3" unit="percent">
							<Weight value="100%"/>
						</Weights>
					</ResponsiveLayout>
				</MediaContainer>
			</Header>
			<Body>
				<MediaContainer target="mt2">
					<ResponsiveLayout orientation="vertical" overflow="fit">
						<Weights mediaTarget="mt5" unit="percent">
							<Weight value="100%"/>
						</Weights>
						<Weights mediaTarget="mt4" unit="percent">
							<Weight value="100%"/>
						</Weights>
						<Weights mediaTarget="mt3" unit="percent">
							<Weight value="100%"/>
						</Weights>
					</ResponsiveLayout>
					<Container ref="ve92" name="vi91">
						<ResponsiveConstraint>
							<WidthConstraint>
								<Width mediaTarget="mt3" preferredSizeBehavior="honor" flexibility="flexible"/>
							</WidthConstraint>
							<HeightConstraint>
								<Height mediaTarget="mt3" preferredSizeBehavior="honor" flexibility="flexible"/>
							</HeightConstraint>
						</ResponsiveConstraint>
						<ResponsiveLayout orientation="vertical" overflow="grow"/>
						<Visual ref="ve94" name="vi93">
							<ResponsiveConstraint>
								<WidthConstraint>
									<Width mediaTarget="mt3" preferredSizeBehavior="ignore" flexibility="flexible"/>
								</WidthConstraint>
								<HeightConstraint>
									<Height mediaTarget="mt3" preferredSizeBehavior="honor" flexibility="fixed"/>
								</HeightConstraint>
							</ResponsiveConstraint>
						</Visual>
						<Visual ref="ve62" name="vi61">
							<ResponsiveConstraint>
								<WidthConstraint>
									<Width mediaTarget="mt3" preferredSizeBehavior="ignore" flexibility="flexible"/>
								</WidthConstraint>
								<HeightConstraint>
									<Height mediaTarget="mt3" preferredSizeBehavior="ignore" flexibility="flexible"/>
								</HeightConstraint>
							</ResponsiveConstraint>
						</Visual>
					</Container>
					<Visual ref="ve68" name="vi67">
						<ResponsiveConstraint>
							<WidthConstraint>
								<Width mediaTarget="mt3" preferredSizeBehavior="ignore" flexibility="flexible"/>
							</WidthConstraint>
							<HeightConstraint>
								<Height mediaTarget="mt3" preferredSizeBehavior="ignore" flexibility="flexible"/>
							</HeightConstraint>
						</ResponsiveConstraint>
					</Visual>
				</MediaContainer>
			</Body>
		</Section>
		<Section name="vi98" label="Profit by Location">
			<Header>
				<MediaContainer target="mt2">
					<ResponsiveLayout orientation="horizontal" overflow="fit">
						<Weights mediaTarget="mt5" unit="percent">
							<Weight value="100%"/>
						</Weights>
						<Weights mediaTarget="mt4" unit="percent">
							<Weight value="100%"/>
						</Weights>
						<Weights mediaTarget="mt3" unit="percent">
							<Weight value="100%"/>
						</Weights>
					</ResponsiveLayout>
				</MediaContainer>
			</Header>
			<Body>
				<MediaContainer target="mt2">
					<ResponsiveLayout orientation="vertical" overflow="fit">
						<Weights mediaTarget="mt5" unit="percent">
							<Weight value="100%"/>
						</Weights>
						<Weights mediaTarget="mt4" unit="percent">
							<Weight value="100%"/>
						</Weights>
						<Weights mediaTarget="mt3" unit="percent">
							<Weight value="100%"/>
						</Weights>
					</ResponsiveLayout>
					<Container ref="ve148" name="vi147">
						<ResponsiveConstraint>
							<WidthConstraint>
								<Width mediaTarget="mt3" preferredSizeBehavior="honor" flexibility="flexible"/>
							</WidthConstraint>
							<HeightConstraint>
								<Height mediaTarget="mt3" preferredSizeBehavior="honor" flexibility="flexible"/>
							</HeightConstraint>
						</ResponsiveConstraint>
						<ResponsiveLayout orientation="vertical" overflow="grow"/>
						<Visual ref="ve150" name="vi149">
							<ResponsiveConstraint>
								<WidthConstraint>
									<Width mediaTarget="mt3" preferredSizeBehavior="ignore" value="25%" flexibility="flexible"/>
								</WidthConstraint>
								<HeightConstraint>
									<Height mediaTarget="mt3" preferredSizeBehavior="honor" flexibility="fixed"/>
								</HeightConstraint>
							</ResponsiveConstraint>
						</Visual>
						<Visual ref="ve100" name="vi99">
							<ResponsiveConstraint>
								<WidthConstraint>
									<Width mediaTarget="mt3" preferredSizeBehavior="ignore" flexibility="flexible"/>
								</WidthConstraint>
								<HeightConstraint>
									<Height mediaTarget="mt3" preferredSizeBehavior="ignore" flexibility="flexible"/>
								</HeightConstraint>
							</ResponsiveConstraint>
						</Visual>
					</Container>
				</MediaContainer>
			</Body>
		</Section>
		<Section name="vi154" label="Profit by Product">
			<Header>
				<MediaContainer target="mt2">
					<ResponsiveLayout orientation="horizontal" overflow="fit">
						<Weights mediaTarget="mt5" unit="percent">
							<Weight value="100%"/>
						</Weights>
						<Weights mediaTarget="mt4" unit="percent">
							<Weight value="100%"/>
						</Weights>
						<Weights mediaTarget="mt3" unit="percent">
							<Weight value="100%"/>
						</Weights>
					</ResponsiveLayout>
				</MediaContainer>
			</Header>
			<Body>
				<MediaContainer target="mt2">
					<ResponsiveLayout orientation="vertical" overflow="fit">
						<Weights mediaTarget="mt5" unit="percent">
							<Weight value="100%"/>
						</Weights>
						<Weights mediaTarget="mt4" unit="percent">
							<Weight value="100%"/>
						</Weights>
						<Weights mediaTarget="mt3" unit="percent">
							<Weight value="100%"/>
						</Weights>
					</ResponsiveLayout>
					<Container ref="ve162" name="vi161">
						<ResponsiveConstraint>
							<WidthConstraint>
								<Width mediaTarget="mt3" preferredSizeBehavior="honor" flexibility="flexible"/>
							</WidthConstraint>
							<HeightConstraint>
								<Height mediaTarget="mt3" preferredSizeBehavior="honor" flexibility="flexible"/>
							</HeightConstraint>
						</ResponsiveConstraint>
						<ResponsiveLayout orientation="vertical" overflow="grow"/>
						<Visual ref="ve164" name="vi163">
							<ResponsiveConstraint>
								<WidthConstraint>
									<Width mediaTarget="mt3" preferredSizeBehavior="ignore" value="25%" flexibility="flexible"/>
								</WidthConstraint>
								<HeightConstraint>
									<Height mediaTarget="mt3" preferredSizeBehavior="honor" flexibility="fixed"/>
								</HeightConstraint>
							</ResponsiveConstraint>
						</Visual>
						<Visual ref="ve156" name="vi155">
							<ResponsiveConstraint>
								<WidthConstraint>
									<Width mediaTarget="mt3" preferredSizeBehavior="ignore" flexibility="flexible"/>
								</WidthConstraint>
								<HeightConstraint>
									<Height mediaTarget="mt3" preferredSizeBehavior="ignore" flexibility="flexible"/>
								</HeightConstraint>
							</ResponsiveConstraint>
						</Visual>
					</Container>
				</MediaContainer>
			</Body>
		</Section>
		<HiddenSection purpose="hidden" name="vi172" label="Product Details">
			<Header>
				<MediaContainer target="mt2">
					<ResponsiveLayout orientation="horizontal" overflow="fit">
						<Weights mediaTarget="mt5" unit="percent">
							<Weight value="100%"/>
						</Weights>
						<Weights mediaTarget="mt4" unit="percent">
							<Weight value="100%"/>
						</Weights>
						<Weights mediaTarget="mt3" unit="percent">
							<Weight value="100%"/>
						</Weights>
					</ResponsiveLayout>
				</MediaContainer>
			</Header>
			<Body>
				<MediaContainer target="mt2">
					<ResponsiveLayout orientation="vertical" overflow="fit">
						<Weights mediaTarget="mt5" unit="percent">
							<Weight value="100%"/>
						</Weights>
						<Weights mediaTarget="mt4" unit="percent">
							<Weight value="100%"/>
						</Weights>
						<Weights mediaTarget="mt3" unit="percent">
							<Weight value="100%"/>
						</Weights>
					</ResponsiveLayout>
					<Visual ref="ve195" name="vi194">
						<ResponsiveConstraint>
							<WidthConstraint>
								<Width mediaTarget="mt3" preferredSizeBehavior="ignore" flexibility="flexible"/>
							</WidthConstraint>
							<HeightConstraint>
								<Height mediaTarget="mt3" preferredSizeBehavior="honor" flexibility="fixed"/>
							</HeightConstraint>
						</ResponsiveConstraint>
					</Visual>
					<Visual ref="ve190" name="vi189">
						<ResponsiveConstraint>
							<WidthConstraint>
								<Width mediaTarget="mt3" preferredSizeBehavior="ignore" flexibility="flexible"/>
							</WidthConstraint>
							<HeightConstraint>
								<Height mediaTarget="mt3" preferredSizeBehavior="ignore" flexibility="flexible"/>
							</HeightConstraint>
						</ResponsiveConstraint>
					</Visual>
				</MediaContainer>
			</Body>
		</HiddenSection>
	</View>
	<Actions>
		<NavigationAction type="section" value="vi172" label="Product Details" name="ac230"/>
		<NavigationAction type="section" value="vi172" label="Product Details" name="ac229"/>
	</Actions>
	<Conditions>
		<Condition scope="local" name="cd82">
			<ConditionVariables>
				<ConditionVariable variable="bi1" type="numeric"/>
			</ConditionVariables>
			<If name="cc81" class="If">
				<Expression>lt(${bi1},0)</Expression>
			</If>
		</Condition>
		<Condition scope="local" name="cd140">
			<ConditionVariables>
				<ConditionVariable variable="bi1" type="numeric"/>
			</ConditionVariables>
			<If name="cc139" class="If">
				<Expression>lt(${bi1},0)</Expression>
			</If>
		</Condition>
		<Condition scope="local" name="cd142">
			<ConditionVariables>
				<ConditionVariable variable="bi1" type="numeric"/>
			</ConditionVariables>
			<If name="cc141" class="If">
				<Expression>lt(${bi1},0)</Expression>
			</If>
		</Condition>
		<Condition scope="local" name="cd146">
			<ConditionVariables>
				<ConditionVariable variable="bi1" type="numeric"/>
			</ConditionVariables>
			<If name="cc145" class="If">
				<Expression>lt(${bi1},0)</Expression>
			</If>
		</Condition>
	</Conditions>
	<MediaSchemes>
		<MediaScheme name="ms1">
			<BaseStylesheetResource file="basems1.css" theme="opal"/>
			<StylesheetFile file="ms1.css"/>
		</MediaScheme>
	</MediaSchemes>
	<MediaTargets>
		<MediaTarget windowSize="default" scheme="ms1" name="mt2"/>
		<MediaTarget windowSize="small" scheme="ms1" name="mt3"/>
		<MediaTarget windowSize="medium" scheme="ms1" name="mt4"/>
		<MediaTarget windowSize="large" scheme="ms1" name="mt5"/>
	</MediaTargets>
	<Properties>
		<Property key="displayDataSource">ds7</Property>
		<Property key="ReportPackagesServiceVersion">Viya4 2024.09</Property>
		<Property key="ReportDataServiceVersion">Viya4 2024.09</Property>
	</Properties>
	<ExportProperties>
		<Export destination="pdf">
			<Property key="showCoverPage" value="true"></Property>
			<Property key="showPageNumbers" value="true"></Property>
		</Export>
	</ExportProperties>
	<History>
	<Versions>
		<Version key="4.39.0" lastDate="2025-01-12T00:00:00Z"/>
	</Versions>
	<Conversions>
		<Conversion startVersion="4.39.0" finalVersion="4.44.0" date="2025-03-10T00:00:00Z"/>
	</Conversions>
	<Editors>
		<Editor applicationName="VA">
			<Revision editorVersion="2024.03" lastDate="2025-01-12T21:38:31.919Z"/>
		</Editor>
	</Editors>
</History>
	<SASReportState date="2025-03-10T15:28:57Z">
		<VisualElements>
			<PromptState element="ve54">
				<Selections>
					<Selection resultDefinition="dd57">between(${bi59},17532.0,21915.0)</Selection>
				</Selections>
			</PromptState>
			<GraphState element="ve100">
				<RendererStates>
					<LayoutOverlayMap/>
				</RendererStates>
			</GraphState>
		</VisualElements>
		<View/>
	</SASReportState>
</SASReport>
